11472,Freedom Writers
11497,Code Name: The Cleaner
11498,Stomp the Yard
11519,Primeval
11521,The Hitcher
11537,Bridge to Terabithia
11547,Waitress
11556,Blood and Chocolate
11557,Epic Movie
11558,The Messengers
11559,Because I Said So
11560,Hannibal Rising
11561,Norbit
11567,Ratatouille
11592,Ghost Rider
11593,Breach
11594,Daddy's Little Girls
11595,Music and Lyrics
11596,The Number 23
11597,Reno 911!: Miami
11617,Hot Fuzz
11634,Next
11637,God Grew Tired of Us
11646,Zodiac
11650,White Noise 2: The Light
11652,Wild Hogs
11668,The Last Mimzy
11676,Becoming Jane
11683,I Think I Love My Wife
11688,Premonition
11689,Dead Silence
11690,Reign Over Me
11691,Pride
11692,Shooter
11693,The Hills Have Eyes II
11694,TMNT
11720,The Lookout
11721,Blades of Glory
11724,Are We Done Yet?
11725,The Reaping
11726,Firehouse Dog
11727,Meet the Robinsons
11732,Sunshine
11745,Perfect Stranger
11746,Disturbia
11747,Pathfinder
11748,Aqua Teen Hunger Force Colon Movie Film for Theaters
11754,Redline
11763,Fracture
11768,Vacancy
11771,In the Land of Women
11774,Mr. Bean's Holiday
11777,The Invisible
11778,Kickin' It Old Skool
11779,The Condemned
11780,Spider-Man 3
11781,Lucky You
11793,Year of the Dog
11811,Knocked Up
11812,Hairspray
11815,28 Weeks Later
11816,Georgia Rule
11817,Delta Farce
11825,Shrek the Third
11826,Once
11827,Pirates of the Caribbean: At World's End
11829,Mr. Brooks
11830,Rise: Blood Hunter
11831,Gracie
11836,Zoo
11839,Eagle vs Shark
11840,88 Minutes
11845,Ocean's Thirteen
11858,Hostel: Part II
11860,Paranoid Park
11863,Surf's Up
11864,4: Rise of the Silver Surfer
11865,Nancy Drew
11869,Death Proof
11886,In Search of a Midnight Kiss
11905,Goal! II: Living the Dream
11909,The Trials Of Darryl Hunt
11911,Sicko
11917,1408
11918,Death at a Funeral
11919,Clubland
11921,Live Free or Die Hard
11922,License to Wed
11923,Evening
11924,Evan Almighty
11925,Transformers
11926,Captivity
11927,Harry Potter and the Order of the Phoenix
11928,I Now Pronounce You Chuck & Larry
11942,Across the Universe
11944,Brand Upon the Brain! A Remembrance in 12 Chapters
11951,A Dog's Breakfast
11954,Hot Rod
11955,Stardust
11957,Who's Your Caddy?
11959,The Simpsons Movie
11960,I Know Who Killed Me
11961,No Reservations
11962,Underdog
11963,Charlie Bartlett
11965,The Bourne Ultimatum
11966,Bratz
11970,You Kill Me
11985,Superbad
11986,Arctic Tale
11987,Joshua
11988,Talk to Me
11997,Resurrecting the Champ
11998,American Pastime
12001,Rush Hour 3
12003,The Last Legion
12007,Balls of Fury
12008,Sydney White
12009,The Kingdom
12010,Wind Chill
12011,Rocket Science
12013,Daddy Day Camp
12014,The Invasion
12015,War
12016,Illegal Tender
12017,The Nanny Diaries
12018,September Dawn
12019,Halloween
12020,Death Sentence
12021,2 Days in Paris
12027,The King of Kong
12032,The Brothers Solomon
12034,The Nines
12037,New Wave
12038,The Good Night
12041,Planet Terror
12042,3:10 to Yuma
12043,Shoot 'Em Up
12044,The Ten
12049,Atonement
12051,My Winnipeg
12054,No End in Sight
12057,The Brave One
12058,In the Valley of Elah
12060,I Could Never Be Your Woman
12062,December Boys
12063,Shanghai Kiss
12064,The Hunting Party
12065,Eastern Promises
12068,Brooklyn Rules
12069,An Unreasonable Man
12072,In the Shadow of the Moon
12075,The Contractor
12076,Interview
12077,The Death and Life of Bobby Z
12080,Resident Evil: Extinction
12081,Mr. Woodcock
12082,Good Luck Chuck
12083,Into the Wild
12084,The Game Plan
12086,Feast of Love
12087,Postal
12088,The Seeker: The Dark Is Rising
12089,The Heartbreak Kid
12090,Dan in Real Life
12091,The Darjeeling Limited
12092,We Own the Night
12093,Elizabeth: The Golden Age
12094,Michael Clayton
12095,Sleuth
12096,Lars and the Real Girl
12097,30 Days of Night
12098,Rendition
12099,Things We Lost in the Fire
12100,Reservation Road
12101,Gone Baby Gone
12102,The Comebacks
12103,Weirdsville
12107,Straightheads
12109,The Assassination of Jesse James by the Coward Robert Ford
12116,The Killing Floor
12117,Irina Palm
12118,I'm Reed Fish
12120,The Final Season
12122,Control
12123,The Jane Austen Book Club
12129,Fugitive Pieces
12130,Outlaw
12133,Silk
12137,Manufacturing Dissent
12140,Why Did I Get Married?
12141,Saw IV
12142,My Mom's New Boyfriend
12143,For the Bible Tells Me So
12148,Full of It
12158,King of California
12159,Martian Child
12160,Flight of the Living Dead: Outbreak on a Plane
12165,American Gangster
12166,Bee Movie
12168,Before the Devil Knows You're Dead
12170,No Country for Old Men
12172,Be Kind Rewind
12173,Itty Bitty Titty Committee
12174,Crazy Love
12177,August Rush
12182,The Man from Earth
12185,Lions for Lambs
12186,Fred Claus
12187,Beowulf
12188,Mr. Magorium's Wonder Emporium
12189,Love in the Time of Cholera
12197,Rails & Ties
12198,Darfur Now
12203,Smiley Face
12207,Endgame: Blueprint for Global Enslavement
12209,The Mist
12210,Enchanted
12211,Hitman
12212,This Christmas
12213,P2
12215,Awake
12216,The Golden Compass
12217,I Am Legend
12218,Alvin and the Chipmunks
12219,Futurama: Bender's Big Score
12221,Margot at the Wedding
12222,I'm Not There.
12226,The Savages
12227,Wrong Turn 2: Dead End
12230,Juno
12231,Goodbye Bafana
12234,My Blueberry Nights
12246,The Devil Came on Horseback
12250,Helvetica
12253,The War on Democracy
12254,The Bucket List
12255,Fall from Grace
12257,The Kite Runner
12261,The Deaths of Ian Stone
12265,Butterfly on a Wheel
12267,The Go-Getter
12270,The Flock
12277,Sweeney Todd: The Demon Barber of Fleet Street
12278,National Treasure: Book of Secrets
12280,There Will Be Blood
12282,Charlie Wilson's War
12284,Aliens vs Predator: Requiem
12285,Walk Hard: The Dewey Cox Story
12292,The Great Debaters
12294,Dedication
12295,The Water Horse
12296,Battlestar Galactica: Razor
12298,P.S. I Love You
12299,The Perfect Holiday
12300,27 Dresses
12303,Nanking
12311,Cassandra's Dream
12319,In Between Days
12324,In the Name of the King: A Dungeon Siege Tale
12325,Flawless
12328,Cloverfield
12329,Mad Money
12331,Trade
12332,Cleaner
12335,Blonde Ambition
12337,Timber Falls
12339,Arranged
12340,He Was a Quiet Man
12351,Sex and Breakfast
12353,One Missed Call
12354,First Sunday
12355,Untraceable
12356,Rambo
12357,How She Move
12358,Meet the Spartans
12359,The Eye
12360,Strange Wilderness
12361,Over Her Dead Body
12364,The Signal
12365,Hellboy II: The Golden Army
12368,In Bruges
12380,Poor Boy's Game
12381,Operation Homecoming: Writing the Wartime Experience
12382,Rise of the Footsoldier
12383,Joe Strummer: The Future Is Unwritten
12389,Teeth
12394,Welcome Home Roscoe Jenkins
12395,Fool's Gold
12397,Blue State
12398,U2 3D
12405,Jumper
12406,It's a Free World...
12407,Already Dead
12408,"Definitely, Maybe"
12411,The Air I Breathe
12415,Vantage Point
12416,The Spiderwick Chronicles
12417,Step Up 2: The Streets
12423,Witless Protection
12424,The Other Boleyn Girl
12425,Semi-Pro
12426,Run Fatboy Run
12430,Taxi to the Dark Side
12434,Grace is Gone
12440,College Road Trip
12441,"10,000 BC"
12442,The Bank Job
12443,Doomsday
12444,Horton Hears a Who!
12445,Funny Games
12448,War Dance
12449,The Love Guru
12450,VeggieTales: The Pirates Who Don't Do Anything
12451,Diary of the Dead
12452,Hallam Foe
12456,"Romulus, My Father"
12458,Zeitgeist
12461,Justice League: The New Frontier
12464,Then She Found Me
12466,Heima
12467,What Just Happened
12470,Saving Sarah Cain
12472,Miss Pettigrew Lives for a Day
12473,Snow Angels
12474,Married Life
12475,Believers
12481,The Dark Knight
12485,Quiet City
12489,The Hammer
12490,Never Back Down
12491,L'avocat de la terreur
12492,Malon 9 Kochavim
12495,Drillbit Taylor
12499,Slipstream
12506,Youth Without Youth
12508,21
12509,Smart People
12511,The Hawk Is Dying
12514,The Shepherd: Border Patrol
12515,Leatherheads
12516,Ji jie hao
12521,Stop-Loss
12522,Shine a Light
12523,Dark Matter
12524,The Business of Being Born
12531,Julia
12536,Nim's Island
12537,The Ruins
12538,Joy Division
12539,Manda Bala (Send a Bullet)
12540,Forgetting Sarah Marshall
12541,Sex and Death 101
12542,Superhero Movie
12543,Street Kings
12544,The Visitor
12545,Harold & Kumar Escape from Guantanamo Bay
12548,Speed Racer
12550,Diminished Capacity
12552,Chapter 27
12554,The Forbidden Kingdom
12555,Where in the World Is Osama Bin Laden?
12556,The Life Before Her Eyes
12559,Virgin Territory
12560,Happy-Go-Lucky
12561,Religulous
12562,Outpost
12566,Son of Rambow
12567,Super High Me
12579,Deception
12580,Baby Mama
12584,Expelled: No Intelligence Allowed
12586,Prom Night
12588,Iron Man
12590,Made of Honor
12591,Redbelt
12592,Mister Lonely
12593,Anamorph
12595,Taken
12596,Hero Wanted
12598,The Fall
12599,Stargate: The Ark of Truth
12602,Meet Bill
12603,An American Crime
12606,American Pie Presents: Beta House
12607,Numb
12614,The Chronicles of Narnia: Prince Caspian
12618,Shelter
12619,American Crude
12620,Young @ Heart
12621,"War, Inc."
12622,Suden vuosi
12623,The Girl Next Door
12624,King Corn
12625,Indiana Jones and the Kingdom of the Crystal Skull
12626,How to Rob a Bank
12627,Hey Hey It's Esther Blueburger
12629,Blonde and Blonder
12631,Patti Smith: Dream of Life
12638,The Oxford Murders
12639,Shutter
12640,The Grand
12641,Sex and the City
12642,The Strangers
12643,Savage Grace
12644,Bigger Stronger Faster*
12645,All the Boys Love Mandy Lane
12647,Allan Quatermain and the Temple of Skulls
12648,Kung Fu Panda
12649,What Would Jesus Buy?
12653,Recount
12671,The Andromeda Strain
12675,You Don't Mess with the Zohan
12677,The Promotion
12678,And When Did You Last See Your Father?
12680,Stuck
12691,Chaos Theory
12692,The Boys & Girls Guide to Getting Down
12693,Boy A
12695,A Complete History of My Sexual Failures
12698,Hounddog
12699,The Happening
12700,The Incredible Hulk
12701,Baghead
12704,WALL·E
12705,Wanted
12706,Hancock
12707,Boy Culture
12712,Turn the River
12713,Get Smart
12714,Young People Fucking
12715,Brick Lane
12718,St. Trinian's
12720,Roman de gare
12722,Futurama: The Beast with a Billion Backs
12724,At the Death House Door
12740,Gunnin' for That #1 Spot
12741,Finding Amanda
12742,Kit Kittredge: An American Girl
12743,Gonzo: The Life and Work of Dr. Hunter S. Thompson
12744,The Wackness
12745,Up the Yangtze
12752,Sleepwalking
12753,Encounters at the End of the World
12755,Dante 01
12756,Standard Operating Procedure
12760,Zombie Strippers!
12762,White Light/Black Rain: The Destruction of Hiroshima and Nagasaki
12763,Roman Polanski: Wanted and Desired
12765,Battle For Haditha
12768,Mamma Mia!
12769,Ganes
12772,Kabluey
12773,The Stone Angel
12774,Honeydripper
12776,Tummien perhosten koti
12777,Dark Floors
12779,Rogue
12781,Sublime
12782,Towelhead
12789,Journey to the Center of the Earth
12790,Meet Dave
12792,August
12793,Death Defying Acts
12795,Shrooms
12807,Moving McAllister
12809,Music Within
12810,Transsiberian
12811,Space Chimps
12813,Jimmy Carter Man from Plains
12814,Stargate: Continuum
12815,Watchmen
12817,Conspiracy
12818,War Games: The Dead Code
12821,Shotgun Stories
12822,Watching the Detectives
12823,Mr. Untouchable
12825,Felon
12826,Step Brothers
12827,Brideshead Revisited
12828,The X Files: I Want to Believe
12829,American Teen
12830,Man on Wire
12831,CSNY/Déjà Vu
12834,The Colour of Magic
12838,Pathology
12840,The Tracey Fragments
12844,The Edge of Love
12849,The Mummy: Tomb of the Dragon Emperor
12850,Swing Vote
12851,The Midnight Meat Train
12852,Frozen River
12854,Bottle Shock
12855,Vicky Cristina Barcelona
12856,Batman: Gotham Knight
12863,The Walker
12866,Pineapple Express
12869,WΔZ
12872,Expired
12873,The Sisterhood of the Traveling Pants 2
12874,Hell Ride
12875,Elegy
12876,The Good Humor Man
12877,Bomb It
12879,Bathory
12880,Quid Pro Quo
12882,High School Musical 2
12883,Tropic Thunder
12884,The Objective
12885,Star Wars: The Clone Wars
12886,Henry Poole Is Here
12888,Mutant Chronicles
12892,Hamlet 2
12893,Death Race
12894,The House Bunny
12895,The Longshots
12896,The Rocker
12897,I.O.U.S.A.
12898,Mirrors
12900,Fly Me to the Moon
12901,Trumbo
12905,American Zombie
12906,Noise
12907,Return to House on Haunted Hill
12909,Somers Town
12910,Burn After Reading
12911,Disaster Movie
12912,Babylon A.D.
12913,Traitor
12914,College
12915,Trouble the Water
12916,The Women
12918,The Onion Movie
12921,The Spirit
12922,John Adams
12925,The Burning Plain
12927,Bangkok Dangerous
12928,Everybody Wants to Be Italian
12931,August Evening
12933,The Fifth Commandment
12939,Flu Bird Horror
12943,Ladrones
12944,Righteous Kill
12945,Lakeview Terrace
12946,Ladrón que roba a ladrón
12948,Ghost Town
12949,Maradona by Kusturica
12954,Jam
12959,Humboldt County
12960,100 Feet
12961,Boot Camp
12965,Appaloosa
12966,Miracle at St. Anna
12969,Dead Fury
12975,Eagle Eye
12976,How to Lose Friends & Alienate People
12978,Nights in Rodanthe
12980,Nick and Norah's Infinite Playlist
12987,Red
12988,Part of the Weekend Never Dies
12992,The Accidental Husband
12994,The Duchess
12995,Alone in the Dark 2
12999,Rachel Getting Married
13000,Body of Lies
13001,City of Ember
13002,Magicians
13006,Max Payne
13007,The Pool
13008,Zack and Miri Make a Porno
13009,W.
13010,My Best Friend's Girl
13013,"Synecdoche, New York"
13016,The Secret Life of Bees
13017,Flash of Genius
13018,An American Carol
13021,Les Deux mondes
13025,"Angus, Thongs and Perfect Snogging"
13027,The Family That Preys
13028,Niko: Lentäjän poika
13029,Quarantine
13033,Lost Boys: The Tribe
13034,Pride and Glory
13036,The Express
13040,Babylon 5: The Lost Tales - Voices in the Dark
13042,RockNRolla
13044,High School Musical 3: Senior Year
13049,Futurama: Bender's Game
13050,Tin Man
13053,Madagascar: Escape 2 Africa
13056,Blindness
13057,Changeling
13059,The Road
13060,Slumdog Millionaire
13061,Quantum of Solace
13062,Filth and Wisdom
13064,Role Models
13078,Slacker Uprising
13090,Camp Rock
13092,Saw V
13096,Sex Drive
13097,Soul Men
13098,While She Was Out
13100,Beverly Hills Chihuahua
13102,Purple Violets
13103,Christmas on Mars
13124,Splinter
13125,Confessions of a Superhero
13128,Australia
13129,Bolt
13131,Milk
13133,Twilight
13134,The Children
13135,Transporter 3
13136,Four Christmases
13137,The Boy in the Striped Pyjamas
13138,Surveillance
13140,Fireproof
13141,Igor
13142,The Devil's Chair
13144,Hunger
13145,Cadillac Records
13146,Punisher: War Zone
13148,Flashbacks of a Fool
13152,Shrek the Halls
13158,A Matter of Loaf and Death
13159,Ace of Hearts
13166,Body of War
13172,The Day the Earth Stood Still
13173,Che: Part One
13174,Che: Part Two
13175,Starship Troopers 3: Marauder
13176,Dean Spanley
13180,Nothing Like the Holidays
13183,Pandora'nın Kutusu
13184,Doubt
13187,Gran Torino
13188,Frost/Nixon
13189,The Reader
13192,Delgo
13198,Seven Pounds
13204,The Wrestler
13205,The Memory Keeper's Daughter
13219,The Curious Case of Benjamin Button
13221,Yes Man
13223,On the Rumba River
13224,Valkyrie
13225,Birds of America
13226,Pete Seeger: The Power of Song
13229,War of the Worlds 2: The Next Wave
13230,Constantine's Sword
13231,Impulse
13235,Girls Rock!
13237,Alien Raiders
13238,Trainwreck: My Life as an Idiot
13241,Bedtime Stories
13244,Choke
13245,Revolutionary Road
13249,"Surfer, Dude"
13251,Nobel Son
13252,Dear Zachary: A Letter to a Son About His Father
13253,Wild Child
13255,Defiance
13256,Zeitgeist: Addendum
13258,Marley & Me
13271,Jack Brooks: Monster Slayer
13282,Wendy and Lucy
13283,Open Season 2
13284,Last Chance Harvey
13292,The Recruiter
13295,Passengers
13296,The Tale of Despereaux
13297,Bride Wars
13298,The Gamers: Dorkness Rising
13300,My Bloody Valentine
13304,Liberty Kid
13306,Battle in Seattle
13307,Fuel
13311,Fire and Ice: The Dragon Chronicles
13314,Punk's Not Dead
13317,Underworld: Rise of the Lycans
13318,Inkheart
13324,Shoot on Sight
13325,The Alphabet Killer
13331,The Lazarus Project
13334,Paul Blart: Mall Cop
13335,Notorious
13336,The Unborn
13337,Donkey Punch
13339,Make It Happen
13341,Repo! The Genetic Opera
13343,The Uninvited
13348,Night Train
13351,Muukalainen
13354,Outlander
13360,Passchendaele
13362,Go Go Tales
13367,The Grudge 3
13369,Eden Lake
13371,Coraline
13377,The Escapist
13378,Push
13379,The International
13380,Two Lovers
13381,He's Just Not That Into You
13383,Dead Like Me: Life After Death
13393,Futurama: Into the Wild Green Yonder
13395,Hotel for Dogs
13397,Frontière(s)
13399,The 11th Hour
13401,Fireflies in the Garden
13402,Afro Samurai: Resurrection
13411,Taking Chance
13412,AmericanEast
13413,My Name Is Bruce
13414,Man in the Chair
13416,The Way of War
13418,Ralliraita
13420,Funny People
13422,Against the Dark
13428,Red Sands
13430,The Lost
13431,Still Waiting...
13432,Pistol Whipped
13433,Flight of Fury
13436,Mystery Team
13441,Street Fighter: The Legend of Chun-Li
13444,Madea Goes to Jail
13446,Away We Go
13449,Thick as Thieves
13456,Adrift in Manhattan
13457,Friday the 13th
13459,Screamers: The Hunting
13460,The Pink Panther 2
13461,Crips and Bloods: Made in America
13462,Far Cry
13464,The English Surgeon
13468,The Adventures of Food Boy
13470,They Wait
13480,Dr. Horrible's Sing-Along Blog
13482,The Cottage
13488,Frontrunners
13491,Day of the Dead
13492,"I Love You, Man"
13498,Dance of the Dead
13499,The Haunting in Connecticut
13501,Duplicity
13502,Knowing
13503,Sugar
13505,Praying With Lior
13509,Sunshine Cleaning
13510,Kung Fu Panda: Secrets of the Furious Five
13517,Insanitarium
13519,Echelon Conspiracy
13521,After Sex
13524,Monsters vs Aliens
13525,Boarding Gate
13528,Sita Sings the Blues
13529,Naked Fear
13535,Big Stan
13538,We Live in Public
13539,Strictly Sexual
13540,Nothing But the Truth
13541,The Square
13542,The Gray Man
13543,Anvil! The Story of Anvil
13546,Observe and Report
13550,Adventureland
13553,The Cake Eaters
13554,Confessions of a Shopaholic
13555,The Black Balloon
13556,The Butterfly Effect 3: Revelations
13561,The Lucky Ones
13564,Fitna
13566,Dragonball Evolution
13572,Dating Games People Play
13581,Fast & Furious
13589,Gardens of the Night
13590,In the Loop
13591,Global Metal
13592,The End Of America
13593,What Doesn't Kill You
13598,The Boat That Rocked
13602,17 Again
13605,Inglourious Basterds
13606,State of Play
13614,The Damned United
13616,Crank: High Voltage
13622,Moon
13628,Mammoth
13630,The Young Victoria
13632,Amazing Journey: The Story of The Who
13633,The Informers
13635,X-Men Origins: Wolverine
13636,The Girlfriend Experience
13639,Moving Midway
13640,American Swing
13642,The Life and Times of Allen Ginsberg
13643,Star Trek
13646,Lymelife
13647,The Great Buck Howard
13652,XIII
13653,Knights of Bloodsteel
13662,S. Darko
13663,Earth
13668,Shuttle
13669,Crossing Over
13670,Angels & Demons
13675,Daylight Robbery
13677,Balls Out: The Gary Houseman Story
13678,Outrage
13682,Powder Blue
13684,Fanboys
13688,The Merry Gentleman
13690,Incendiary
13692,Management
13693,Terminator Salvation
13694,Night at the Museum: Battle of the Smithsonian
13696,How to Cook Your Life
13697,Were The World Mine
13698,Every Little Step
13699,Lesbian Vampire Killers
13700,The Brothers Bloom
13714,Chop Shop
13718,Catacombs
13719,The Soloist
13720,The Last House on the Left
13723,Drag Me to Hell
13724,Up
13727,Easy Virtue
13728,Dance Flick
13737,Personal Effects - The Space Between Loss and Love
13738,Fired Up!
13742,Without a Paddle: Nature's Calling
13743,Graduation
13745,In the Electric Mist
13746,The Hangover
13747,Killshot
13768,Before The Rains
13770,New in Town
13771,Enfin veuve
13774,Land of the Lost
13775,The Clique
13778,Momma's Man
13779,Imagine That
13780,The Taking of Pelham 1 2 3
13784,Divã
13789,American Violet
13797,The Stoning of Soraya M.
13798,The Proposal
13802,Small Town Gay Bar
13803,Year One
13811,Tyson
13815,Garfield's Pet Force
13817,The Hurt Locker
13822,Tu£sday
13823,Breakfast with Scot
13829,The Limits of Control
13831,Heavy Metal in Baghdad
13833,Transformers: Revenge of the Fallen
13841,Phoebe in Wonderland
13842,Whatever Works
13843,Ghosts of Girlfriends Past
13847,Public Enemies
13848,Ice Age: Dawn of the Dinosaurs
13849,120
13850,Prison Break: The Final Break
13851,Samson and Delilah
13860,Night Of The Living Dead 3D
13863,My Sister's Keeper
13870,Tales of the Black Freighter
13874,(500) Days of Summer
13880,Brüno
13882,1939: Hollywood's Greatest Year
13886,The Librarian: The Curse of the Judas Chalice
13889,Franklyn
13892,Good Dick
13893,Harry Potter and the Half-Blood Prince
13896,Eichmann
13899,Who Killed Nancy?
13906,The Mark of Cain
13910,My Sassy Girl
13914,The Imaginarium of Doctor Parnassus
13915,9to5: Days in Porn
13921,Winter of Frozen Dreams
13923,Humpday
13924,Ten Inch Hero
13928,Visioneers
13933,Streets of Blood
13935,Chéri
13936,One Week
13942,Arlen Faber
13948,Orphan
13950,Winged Creatures
13952,The Ugly Truth
13955,My first war
13958,The Collector
13959,A Perfect Getaway
13962,House
13964,"Moonshot, the Flight of Apollo 11"
13965,Aliens in the Attic
13966,District 9
13967,Julie & Julia
13969,Obsessed
13970,Race to Witch Mountain
13974,Hannah Montana: The Movie
13975,G.I. Joe: The Rise of Cobra
13977,Cold Souls
13979,12 Rounds
13985,The Killing Room
13991,Four Last Songs
13992,Max Manus
13993,Jerusalema
13998,Stone of Destiny
14004,Lost in Austen
14012,Deal
14014,La Linea
14015,The Ramen Girl
14016,"The Goods: Live Hard, Sell Hard"
14017,Adam
14019,Alien Trespass
14023,Gigantic
14024,The Time Traveler's Wife
14025,Feast II: Sloppy Seconds
14029,I Can't Think Straight
14030,Miss March
14031,Bandslam
14033,Harvard Beats Yale 29-29
14035,Meet the Browns
14036,"I Love You, Beth Cooper"
14041,Paper Heart
14043,The Haunting of Molly Hartley
14044,G-Force
14046,Fighting
14047,Tetro
14051,Adoration
14052,Bronson
14053,Feel The Noise
14055,The Matador
14063,The Secret of Moonacre
14069,The Cell 2
14074,Nora Roberts' Midnight Bayou
14075,Northern Lights
14078,It Might Get Loud
14079,Botched
14080,Lonely Street
14081,High Noon
14085,Vacancy 2: The First Cut
14087,Nora Roberts' Tribute
14088,Post Grad
14089,Goodbye Solo
14093,Chacun son cinema ou Ce petit coup au coeur quand la lumiere s'eteint et que le film commence
14094,My Life in Ruins
14097,Faubourg 36
14099,Witch Hunt
14100,A Dog Year
14101,Good
14104,Taking Woodstock
14108,Halloween II
14114,Videocracy
14117,9
14120,Green Street Hooligans 2
14121,Randy & the Mob
14125,Frequently Asked Questions About Time Travel
14131,Green Lantern: First Flight
14132,Louis Theroux: The Most Hated Family in America
14133,Lies & Illusions
14134,Pandorum
14139,Skellig
14140,Flood
14141,The Men Who Stare at Goats
14142,Immigrants (L.A. Dolce Vita)
14143,The Hunt for Gollum
14150,Valentino: The Last Emperor
14155,Laid to Rest
14156,Jennifer's Body
14157,The Informant!
14160,The Broken
14163,Amreeka
14164,Extract
14165,The Final Destination
14166,Gamer
14167,Cloudy with a Chance of Meatballs
14169,I Can Do Bad All By Myself
14173,"Food, Inc."
14174,Beeswax
14178,Battle for Terra
14180,Love Happens
14181,Bright Star
14182,Blood Creek
14192,Paranormal Activity
14193,Lake City
14196,Not Quite Hollywood
14202,Ballast
14204,World's Greatest Dad
14211,Capitalism: A Love Story
14214,वांटेड
14215,The Cove
14216,A Serious Man
14217,City Island
14218,Ink
14222,Metropia
14223,Clubbed
14225,Grace
14226,The Haunted World of El Superbeasto
14228,Trick 'r Treat
14229,The Hills Run Red
14230,Whip It
14231,The Invention of Lying
14232,Unmistaken Child
14234,Surrogates
14235,Next Day Air
14236,Zombieland
14237,Fame
14238,The September Issue
14240,Assassination of a High School President
14241,How to Be a Serial Killer
14244,Sorority Row
14245,Whiteout
14247,An Education
14253,The Killing of John Lennon
14254,Burma VJ: Reporter i et lukket land
14258,Couples Retreat
14259,All About Steve
14264,Fifty Dead Men Walking
14268,Deadgirl
14275,Bye-Bye Bin Laden
14277,The Windmill Movie
14278,I Sell The Dead
14283,Where the Wild Things Are
14284,Georg
14298,Beer Wars
14299,Shorts
14300,"New York, I Love You"
14301,Law Abiding Citizen
14305,De helaasheid der dingen
14307,Amelia
14308,The Stepfather
14310,Mary and Max
14311,Spread
14312,The Tournament
14313,The Boys Are Back
14314,Cairo Time
14329,Afterschool
14330,Dragonquest
14334,Up in the Air
14340,You're Gonna Miss Me: A Film About Roky Erickson
14345,Tormented
14346,Mutant Pumpkins from Outer Space
14356,Is Anybody There?
14359,Saw VI
14360,Michael Jackson's This Is It
14367,Cirque du Freak: The Vampire's Assistant
14368,The Boondock Saints II: All Saints Day
14369,Good Hair
14370,Black Dynamite
14371,Big Fan
14374,Astro Boy
14377,Gentlemen Broncos
14378,Fantastic Mr. Fox
14379,Creation
14385,Not Easily Broken
14394,A Christmas Carol
14399,Battlestar Galactica: The Plan
14402,Michael Jackson: Life of a Superstar
14405,The Private Lives of Pippa Lee
14411,Partly Cloudy
14414,Grey Gardens
14416,2012
14417,The Box
14421,The Fourth Kind
14422,Precious
14424,The Bad Lieutenant: Port of Call - New Orleans
14425,The Twilight Saga: New Moon
14427,The Messenger
14428,Keith
14430,Ninja Assassin
14440,A Film with Me in It
14443,Until Death
14450,Turtles Forever
14451,Merry Madagascar
14452,Brothers
14458,Garage
14460,Home Movie
14461,Sleep Dealer
14462,Before I Self Destruct
14463,Hoop Reality
14465,The Blind Side
14474,Asylum
14481,Shrink
14482,Old Dogs
14484,Planet 51
14485,Me and Orson Welles
14486,Objectified
14488,Trucker
14489,A Single Man
14490,Kill Switch
14491,Driven To Kill
14493,The Lovely Bones
14494,Invictus
14496,The Princess and the Frog
14497,Everybody's Fine
14499,Armored
14500,Transylmania
14503,Doghouse
14504,Katastrofin aineksia
14506,The Art of Travel
14531,Disko ja tuumasõda
14533,Did You Hear About the Morgans?
14542,Make the Yuletide Gay
14545,How 2 Build A Rapper
14546,Mum & Dad
14547,Nasty Old People
14548,Veronika Decides to Die
14549,Alice
14551,Avatar
14552,Nine
14553,Hard Luck
14556,It's Complicated
14557,Sherlock Holmes
14558,Crazy Heart
14559,The Art of War II: Betrayal
14560,The Last Station
14562,Alvin and the Chipmunks: The Squeakquel
14563,Uncertainty
14569,Beyond a Reasonable Doubt
14571,Looking for Eric
14572,American Pie Presents: The Book of Love
14580,Not Your Typical Bigfoot Movie
14581,The Good Life
14595,Carriers
14607,Pontypool
14608,Playmobil: The Secret of Pirate Island
14609,Big Pun: The Legacy
14612,The Girl in the Park
14613,Command Performance
14614,Direct Contact
14615,Lieksa!
14619,Youth in Revolt
14620,Daybreakers
14622,The Age of Stupid
14623,Missionary Man
14625,Hachi: A Dog's Tale
14642,Staten Island
14644,Collapse
14647,Metal Gear Solid: Philanthropy
14648,My One and Only
14650,The Maiden Heist
14660,Mr. Warmth: The Don Rickles Project
14671,Horsemen
14673,Bart Got a Room
14680,"My Son, My Son, What Have Ye Done"
14691,The 27 Club
14695,Macheads
14696,Welcome To Macintosh
14698,The Other Man
14699,Wrong Turn at Tahoe
14700,Ninja
14702,Drottningen och jag
14714,Hannah Takes the Stairs
14718,Mega Shark vs Giant Octopus
14723,A Dennis the Menace Christmas
14724,Nowhere Boy
14725,Note by Note: The Making of Steinway L1037
14726,Garbage Warrior
14727,The Thaw
14728,Kansakunnan olohuone
14729,Blood and Bone
14753,Beautiful
14754,Stan Helsing
14755,Forgiven
14774,More Than a Game
14775,Falling Up
14776,Zach Galifianakis: Live at the Purple Onion
14784,Triangle
14792,I Love You Phillip Morris
14794,The Donner Party
14808,Serious Moonlight
14809,The House of the Devil
14813,Fish Tank
14824,Babysitter Wanted
14830,The Other End of the Line
14831,Bitch Slap
14832,$9.99
14833,Ondine
14834,1066
14835,The Steam Experiment
14838,Persuasion
14844,Trailer Park Boys: Countdown to Liquor Day
14847,The Secret of Kells
14848,The Vicious Kind
14851,I Hope They Serve Beer in Hell
14857,Dare
14858,Agora
14861,Motherhood
14862,Shades of Ray
14864,High Life
14866,Rockaway
14869,The Yes Men Fix the World
14876,Of Time and the City
14879,Eden Log
14880,Trap
14882,La Habitación de Fermat
14885,Cabin Fever 2: Spring Fever
14896,44 Inch Chest
14902,Road Trip: Beer Pong
14903,Zone of the Dead
14904,Dorian Gray
14909,Brooklyn's Finest
14911,Harry Brown
14912,The Dead Outside
14913,The Mysteries of Pittsburgh
14919,Skeleton Crew
14922,Joy Ride 2: Dead Ahead
14923,Vinyan
14924,The Burrowers
14928,ZMD: Zombies of Mass Destruction
14929,The Carter
14939,Will Ferrell: You're Welcome America - A Final Night with George W. Bush
14941,Little Ashes
14944,Dead Man Running
14945,Leaves of Grass
14946,Women in Trouble
14947,Afghan Star
14952,Haunted Echoes
14953,Possession
14968,Case 39
14969,After Last Season
14970,Guest of Cindy Sherman
14972,Oceans
14974,The Slammin' Salmon
14978,Chloe
14988,Extreme Movie
14991,Universal Soldier: Regeneration
14996,Scar
14997,I Hate Valentine's Day
15012,Defendor
15016,Glorious 39
15021,Five Minutes of Heaven
15032,Camille
15035,Sex Positive
15038,Terry Fator: Live from Las Vegas
15040,Downloading Nancy
15044,Don McKay
15045,Taqwacore: The Birth of Punk Islam
15046,Grim Reaper
15049,Angel
15055,Steal This Film II
15058,Rembrandt's J'Accuse...!
15067,The Black Waters of Echo's Pond
15072,Until the Light Takes Us
15073,Angel of Death
15078,Waking Sleeping Beauty
15079,Affinity
15081,Wild China
15083,The Ascent of Money
15090,Skin
15097,The Union: The Business Behind Getting High
15100,Circle of Eight
15101,Ballet Shoes
15102,Disgrace
15103,For the Love of Movies: The Story of American Film Criticism
15106,Normal Adolescent Behavior
15109,American Virgin
15111,Genova
15117,The Dunwich Horror
15124,Bananas!*
15127,Tenure
15132,The Human Centipede (First Sequence)
15143,Julia Sweeney - Letting Go of God
15151,Solomon Kane
15177,Bitten
15178,Big River Man
15181,Virtuality
15183,The Good Heart
15190,"Lord, Save Us from Your Followers"
15193,The Shock Doctrine
15194,Zenzen daijobu
15198,St Trinian's 2: The Legend of Fritton's Gold
15199,The Disappearance of Alice Creed
15215,Stingray Sam
15217,Art & Copy
15220,Love the Beast
15221,Must Read After My Death
15222,Johnny Mad Dog
15227,Déficit
15234,Adam Resurrected
15237,Stoic
15238,Dread
15258,Sleep Furiously
15264,Shake Hands With the Devil
15271,The Reeds
15272,Ligeia
15273,Supermen of Malegaon
15285,Firaaq
15288,Brief Interviews with Hideous Men
15300,Splice
15309,Adulthood
15311,The Descent: Part 2
15318,Wonderful World
15320,Exam
15324,How to Be
15335,How About You...
15337,No Greater Love
15339,Talhotblond
15340,Godspeed
15355,Ricky Gervais Live 3: Fame
15369,Shark in Venice
15371,Täällä Pohjantähden alla
15373,The Open Road
15374,Magic Man
15379,Rampage
15380,Coming Down The Mountain
15391,The Guitar
15392,TiMER
15395,Chelsea on the Rocks
15398,Saving God
15399,24: Redemption
15403,Best Worst Movie
15404,Beetle Queen Conquers Tokyo
15409,Solitary Man
15410,Hannah Free
15412,The Betrayal (Nerakhoon)
15414,Demain dès l'aube
15415,Enter the Void
15416,The Cry of the Owl
15421,Tennessee
15440,Endgame
15441,Dead Air
15448,Agallas
15454,South Park: Imaginationland
15464,Far North
15465,"Manson, My Name Is Evil"
15468,When You're Strange
15474,31 North 62 East
15475,Irene in Time
15486,Creepshow 3
15488,The Greatest
15492,Nightwatching
15495,The Phantom
15497,The Good Guy
15499,The Yellow Handkerchief
15505,Perestroika
15510,Cherrybomb
15519,Winnebago Man
15522,Passing Strange
15528,Smashing Pumpkins: If All Goes Wrong
15529,Pearl Jam: Immagine in Cornice
15530,Mr. Nobody
15536,The Last Truck: Closing of a GM Plant
15537,Telstar: The Joe Meek Story
15569,2:13
15570,Shifty
15580,The Rebound
15591,The Inner Life of Martin Frost
15600,Triage
15604,Paper Man
15605,All Tomorrow's Parties
15614,The Exploding Girl
15615,Prodigal Sons
15620,Facing Ali
15622,Pretty Bird
15630,Life During Wartime
15633,Die Päpstin
15644,What Goes Up
15648,Black Water
15649,Heartless
15659,According to Greta
15661,Center Stage : Turn It Up
15668,The Eclipse
15670,The Joneses
15711,Jackass 2.5
15719,Man tänker sitt
15723,8th Wonderland
15728,Shouting Fire: Stories from the Edge of Free Speech
15731,Visual Acoustics
15732,The End of Poverty?
15739,Off and Running
15741,Le Chant des Mariées
15743,Bananaz
15752,Bill Bailey: Tinselworm
15762,Blood River
15767,Homecoming
15775,$5 a Day
15803,Otis
15812,Infestation
15813,2012: Supernova
15818,Blue Gold: World Water Wars
15819,Senseless
15825,Girl 27
15843,The Missing Person
15850,Killing Kasztner
15859,Middle Men
15860,(Untitled)
15862,Ricky
15863,The Poughkeepsie Tapes
15870,The Crimson Wing: Mystery of the Flamingos
15871,Saint John of Las Vegas
15875,Red Canyon
15876,Loving Leah
15885,Remarkable Power
15887,Сенки
15891,Big Buck Bunny
15893,Lake Mungo
15900,Collision
15901,Dark House
15903,Hunger
15912,Dragonlance: Dragons Of Autumn Twilight
15917,Bran Nue Dae
15928,Am Limit
15929,Hush
15935,An American Affair
15951,Tales From the Script
15953,IMAX Mummies Secrets Of The Pharohs
15954,Bianca Beauchamp: All Access
15975,The Hole
15982,Perrier’s Bounty
15985,The Disappeared
15997,South of the Border
16000,Borderland
16001,Big Game
16002,Deadline
16004,A Day In The Life
16014,Whisper
16037,Mitä meistä tuli
16044,The Countess
16046,Tenderness
16050,Afterwards
16072,The Horse Boy
16073,Trail of the Screaming Forehead
16074,Dark and Stormy Night
16107,The King of Fighters
16125,Katalin Varga
16136,Wedding Belles
16137,The Agony and Ecstasy of Phil Spector
16140,The Art of the Steal
16142,Linewatch
16148,The World Unseen
16172,Cocaine Cowboys II: Hustlin' with the Godmother
16174,The Loved Ones
16185,London River
16194,Against the Current
16195,October Country
16197,Rewers
16202,Not Forgotten
16205,Bunny and the Bull
16224,Suck
16227,The Human Experience
16228,Breaking the Maya Code
16254,Boy Interrupted
16264,Kuulustelu
16272,Pray the Devil Back to Hell
16276,Frozen
16295,Dying Breed
16297,Mother and Child
16298,Adventures of Power
16299,How to Seduce Difficult Women
16303,Life in Flight
16314,Unmade Beds
16319,Trash Humpers
16338,Nights and Weekends
16342,The Home Song Stories
16348,Sweetgrass
16349,Moonlight Serenade
16361,The Most Dangerous Man in America: Daniel Ellsberg and the Pentagon Papers
16373,Steam
16378,Mao's Last Dancer
16385,Erasing David
16387,Malice in Wonderland
16396,The Pixar Story
16398,Cochochi
16406,Swiadek koronny
16417,The Order of Myths
16432,Train
16446,Handsome Harry
16450,Canciones de amor en Lolita's Club
16452,Fool N Final
16457,Leningrad
16483,It's Alive
16491,Clonehunter
16502,Zona Sur
16512,7 minutos
16515,Cracks
16518,"Russell Peters: Red, White and Brown"
16545,Walt & El Grupo
16546,Good Time Max
16554,Kisses
16573,Transcendent Man
16589,La ragazza del lago
16593,The White Stripes: Under Great White Northern Lights
16608,Speed & Angels
16619,I Knew It Was You: Rediscovering John Cazale
16622,Boogie Woogie
16666,Offspring
16699,Slaughter
16714,Süt
16719,三国之见龙卸甲
16723,Emma
16725,Desert Flower
16733,The Infidel
16746,God on Trial
16754,Presunto Culpable
16765,The Wild and Wonderful Whites of West Virginia
16784,Ninja Cheerleaders
16785,Janky Promoters
16789,Scooby-Doo! The Mystery Begins
16791,Crude
16792,Uncounted
16793,The City of Your Final Destination
16800,Medicine for Melancholy
16809,Closing the Ring
16814,The Last Lovecraft: Relic of Cthulhu
16815,Cthulhu
16816,Herb & Dorothy
16825,Just Buried
16837,My Beautiful Dacia
16841,X-Games The Movie
16845,That Evening Sun
16847,Map of the Sounds of Tokyo
16849,"Hugh Hefner: Playboy, Activist and Rebel"
16856,The New Daughter
16867,Breathing Room
16873,BURN·E
16904,Artois the Goat
16906,Dead Space: Downfall
16907,Sex Galaxy
16937,Life Is Hot in Cracktown
16954,Reykjavik Whale Watching Massacre
16957,Grown Up Movie Star
16973,Forever Strong
16977,Spooner
16979,Louis C.K.: Chewed Up
16983,Louis C.K.: Shameless
16988,Spring Breakdown
16992,Kobe Doin' Work
17018,Flow: For Love of Water
17027,White Lightnin'
17028,Alamar
17032,Love & Savagery
17035,The Horseman
17039,Storm
17042,My Dog Tulip
17049,Vice
17060,Louis Theroux: Law and Disorder in Johannesburg
17064,Kill Theory
17071,Idiots and Angels
17080,Los Bastardos
17091,Nora Roberts' Blue Smoke
17092,Nora Roberts' Montana Sky
17099,Nora Roberts' Carolina Moon
17100,Nora Roberts' Angels Fall
17105,June 9
17110,PoliWood
17112,Same Same But Different
17113,Eye of the Dolphin
17134,The Village Barbershop
17135,Diary of a Cannibal
17141,Double Take
17143,Van Diemen's Land
17144,One Hundred Mornings
17146,Loose Change 9/11: An American Coup
17148,Across the Hall
17150,John Rabe
17151,Oh My God
17154,Ballou
17162,Under Our Skin
17172,Frownland
17196,Stolen Lives
17197,A Shine of Rainbows
17198,Zombie Girl: The Movie
17203,Happy Ever Afters
17209,Wake
17240,Calvin Marshall
17252,It Felt Like a Kiss
17261,A Very British Gangster
17281,Yoo Hoo Mrs Goldberg
17306,"Have Dreams, Will Travel"
17309,A Lamp In The Dark: The Untold History of the Bible
17319,Life After People
17354,Broken Windows
17359,Hunter Prey
17364,De Dana Dan
17368,In Her Skin
17375,Tapped
17381,Between the Folds
17383,Breaking Upwards
17386,The Betrayed
17424,And Then Came Lola
17426,Bienvenido a Farewell-Gutmann
17435,Truth In 24
17456,The Poker House
17457,Forget Me Not
17467,Earth Days
17475,La Frontière de l'aube
17478,No Impact Man
17502,Comanche Moon
17509,Η Σκόνη του Χρόνου
17559,Adopted
17574,Drive-In Horrorshow
17595,Coffin Rock
17612,The Trotsky
17626,"Lovely, Still"
17650,Το Κακό - Στην εποχή των ηρώων
17658,The Cool School
17678,Messengers 2: The Scarecrow
17682,The Lodger
17687,The Winning Season
17692,Stay Cool
17693,Walled In
17694,Fierce Light: When Spirit Meets Action
17699,Tooth and Nail
17707,Chill
17731,A Stranger's Heart
17732,Restraint
17767,An Unlikely Weapon
17793,Nothing Personal
17803,Northanger Abbey
17806,Film ist a Girl & a Gun
17810,Sweet Karma
17843,The Dukes
17849,Clapham Junction
17861,I Want Candy
17879,The Trap: What Happened to Our Dream of Freedom
17887,Reykjavík Rotterdam
17926,Brothers at War
17928,Cea mai fericita fata din lume
17929,Examined Life
17938,The Pleasure of Being Robbed
17948,The Overbrook Brothers
17958,At Sea
18000,Year of the Carnivore
18017,American Son
18024,Unholy
18027,Cinco días sin Nora
18036,America before Columbus
18067,Cherry Crush
18073,Starsuckers
18074,White on Rice
18096,Dom zły
18099,Election Day
18107,Progression
18108,Rage
18121,Whatever Lola wants
18163,Easier with Practice
18166,3 días (Before the Fall)
18172,The Bridge to Nowhere
18186,Tejút
18192,Another Cinderella Story
18200,Bigga Than Ben
18209,The Gruffalo
18210,Play the Game
18233,Accidents Happen
18274,Prom Night in Mississippi
18280,Toronto Stories
18282,Better Things
18286,Mr. Bones 2: Back from the Past
18315,Today's Special
18319,Santa Buddies
18336,Tanner Hall
18359,Happy Tears
18360,The Golden Boys
18370,The End of the Line
18375,The Revenant
18391,The Garden of Eden
18410,Einstein and Eddington
18421,Xianshi Shi Guoqu De Weilai
18431,Fados
18432,Go Get Some Rosemary
18434,Stanley Kubrick's Boxes
18450,Wyvern
18461,The Scenesters
18476,Dog Tags
18481,Reel Injun
18487,Enid
18512,The Canyon
18518,Living Proof
18522,Dylan Moran: What It Is
18532,My Boy Jack
18538,Holding Trevor
18540,At Home by Myself... with You
18562,Johnny Cash at Folsom Prison
18570,Beautiful Kate
18614,Prayers for Bobby
18616,Bustin' Down the Door
18618,Lumea vazuta de Ion B.
18621,A Very Potter Musical
18626,Guy and Madeline on a Park Bench
18633,Live Music
18649,Poppy Shakespeare
18669,Darling
18689,Genius Within: The Inner Life of Glenn Gould
18716,Princess of Mars
18745,The Bleeding
18747,Fat Head
18769,Pageant
18771,Brúðguminn
18806,Popatopolis
18816,After
18821,Midnight Movie
18851,"The Cartoonist: Jeff Smith, BONE and the Changing Face of Comics"
18862,Cold Storage
18868,Crazy Sexy Cancer
18870,Devil's Diary
18874,Naked Ambition: An R Rated Look at an X Rated Industry
18886,Elsewhere
18887,The Marc Pease Experience
18891,In The Hands Of The Gods
18896,Diverted
18901,Bride Flight
18908,Hamlet
18919,Feast III: The Happy Finish
18925,The Scorpion King: Rise of a Warrior
18927,Ciao Bella
18940,The Poker Club
18963,The Mighty Macs
18965,Gifted Hands: The Ben Carson Story
18981,Night of the Demons
19026,The Keeper
19030,Superman: Doomsday
19063,Superman/Batman: Public Enemies
19073,Front of the Class
19090,Nina Frisk
19093,Planet B-Boy
19101,Presto
19107,A Map For Saturday
19137,Wrong Turn 3: Left for Dead
19158,The War
19164,The Firm
19166,Spirit Camp
19193,"UltraMarathon Man: 50 Marathons, 50 States, 50 Days"
19199,Bob Funk
19204,Anaconda 3: Offspring
19219,Le Donk & Scor-zay-zee
19228,A Dangerous Man
19237,A Necessary Death
19249,Decoys 2: Alien Seduction
19253,Steak
19259,The Little Mermaid: Ariel's Beginning
19309,How Bruce Lee Changed the World
19324,Garden Party
19347,Dara O Briain Talks Funny: Live in London
19366,Bigfoot Lives
19369,French Film
19398,Arthur et la vengeance de Maltazard
19412,Stag Night
19450,Dolan's Cadillac
19479,One Nine Nine Four
19515,Just Add Water
19557,His Name Was Jason: 30 Years of Friday the 13th
19570,Our City Dreams
19589,Madame Tutli-Putli
19608,Boogie Man: The Lee Atwater Story
19611,Kings of Pastry
19633,16 to Life
19639,Last Ride
19685,April Fool's Day
19687,Like Dandelion Dust
19691,Beware the Moon: Remembering 'An American Werewolf in London'
19723,Splinterheads
19724,The Babysitters
19725,The Juche Idea
19738,Two Days In April
19746,Rosencrantz and Guildenstern Are Undead
19770,Goal! III : Taking On The World
19781,The Tomb
19783,Labor Pains
19850,97 Percent True
19857,Rejsen til Saturn
19915,Paramore: The Final Riot!
19917,Nativity!
19923,Ghost Voyage
19957,Xun zhao Cheng Long
19973,No Flesh Shall Be Spared
19974,I am Von Höfler Variation on Werther
19983,All's Faire in Love
20005,The Eleventh Hour
20016,Ghost Machine
20023,The Gay Bed and Breakfast of Terror
20075,The Turn of the Screw
20109,Holiday in Handcuffs
20143,The Beautiful Ordinary
20149,Le Vilain
20154,Stevie
20169,Dakota Skye
20176,I Know What I Saw
20180,Comedy Central Roast of Bob Saget
20191,Dr. Bronner's Magic Soapbox
20238,The Unloved
20249,Jesse Stone: Sea Change
20256,Milarepa
20267,Special When Lit
20274,Nursery University
20291,Chicago Massacre: Richard Speck
20319,Black White + Gray: A Portrait of Sam Wagstaff and Robert Mapplethorpe
20348,Tom Petty and the Heartbreakers: Runnin' Down a Dream
20362,Lo
20396,Shuga
20408,Prinsessa
20409,Miss Kicki
20414,The Waiting Room
20425,The Rage
20433,Right America:  Feeling Wronged
20434,The Devil's Tomb
20493,Which Way Home
20504,Living in Emergency: Stories of Doctors Without Borders
20547,Tripping the Rift: The Movie
20548,Fog City Mavericks
20560,Wieners
20583,9500 Liberty
20594,Elevator
20630,Steep
20644,My Last Five Girlfriends
20648,2:22
20656,Storage
20668,Alabama Moon
20675,A Beautiful Life
20689,A Bunch of Amateurs
20705,Besa
20712,Loaded
20740,The King of Texas
20743,National Geographic: Hitler's Stealth Fighter
20780,Mugabe and the White African
20792,Skavabölen pojat
20794,The Invincible Iron Man
20806,Hulk vs. Wolverine
20813,Albino Farm
20825,One-Eyed Monster
20827,Yesterday Was a Lie
20831,Miss Austen Regrets
20835,Middle of Nowhere
20847,Tunnel Rats
20854,Aces 'N' Eights
20894,Three and Out
20911,Hurt
20936,Spine Tingler! The William Castle Story
20942,Deep in the Valley
20946,My Fake Fiance
20958,Senność
20969,Garbo: El espía
20981,Down Terrace
20987,The Loss of a Teardrop Diamond
21015,La pivellina
21022,Derek
21030,War Made Easy: How Presidents & Pundits Keep Spinning Us to Death
21056,Vasermil
21087,Après lui
21089,Tetsuo: The Bullet Man
21096,AM1200
21098,Looking for Palladin
21100,El asaltante
21141,Dragon Hunter
21194,Batman Unmasked: The Psychology of the Dark Knight
21198,Alive Day Memories: Home from Iraq
21253,Making a Killing: The Untold Story of Psychotropic Drugging
21254,Pax Americana and the Weaponization of Space
21283,An Angel Named Billy
21298,The Devil Dared Me To
21303,Let's Make Money
21322,Nuodemes uzkalbejimas
21324,RFK Must Die The Assassination Of Bobby Kennedy
21332,Consuming Kids: The Commercialization of Childhood
21334,Iran Is Not the Problem
21423,Killer at Large
21466,When Nietzsche Wept
21513,Logorama
21514,Ha-boged Hakatan
21522,Autopsy
21524,"Trust Us, This Is All Made Up"
21529,French Roast
21576,Hack!
21582,Bad Girl Island
21594,Spin
21618,King Lines
21631,The Jerk Theory
21635,The Human Family Tree
21636,The Story of Maths
21637,End of the Line
21655,Pig Hunt
21657,Princess Protection Program
21664,"Nightmares in Red, White and Blue"
21666,An Englishman in New York
21680,America The Beautiful
21683,Synth Britannia
21691,Rocaterrania
21702,102 Minutes That Changed America
21705,New Town Killers
21706,The Tender Hook
21723,Paintball
21725,Tsunami: Caught on Camera
21741,Jolene
21776,Resurrecting the Street Walker
21778,Alice Upside Down
21791,The Devil's Ground
21808,Are You Scared 2
21810,Look
21895,Kimjongilia
21896,Backwoods
21897,Bait Shop
21939,Race
21945,Tortured
21946,Disfigured
21952,Such Hawks Such Hounds: Scenes from the American Hard Rock Underground
22007,In Tranzit
22039,Chasing Ghosts
22045,Chicago Overcoat
22070,On Modern Servitude
22079,Bad Biology
22098,A Raisin in the Sun
22121,ThanksKilling
22162,Lovecraft: Fear of the Unknown
22165,Legally Blondes
22174,Captain Abu Raed
22175,The Man You Had in Mind
22201,Dead Set
22223,Star Trek: Of Gods And Men
22312,A Muppets Christmas: Letters to Santa
22318,The Sandlot: Heading Home
22320,Free Style
22396,Meat the Truth
22398,Highlander: The Search for Vengeance
22399,The Botany of Desire
22400,By the People: The Election of Barack Obama
22414,The Dungeon Masters
22420,B.T.K.
22494,Starz Inside: Fantastic Flesh
22526,Hotel Chevalier
22544,Shadow Puppets
22570,The Rock-afire Explosion
22589,Friends of God: A Road Trip with Alexandra Pelosi
22602,Coco Chanel
22603,"Louise Bourgeois: The Spider, The Mistress And The Tangerine"
22641,America
22652,Generation Kill
22657,Beyond Loch Ness
22666,William Kunstler: Disturbing the Universe
22676,Wonder Woman
22712,Behind Enemy Lines III: Colombia
22795,Fagbug
22828,Bury My Heart At Wounded Knee
22833,Pretty/Handsome
22851,Bring It On: Fight to the Finish
22854,Your Friend the Rat
22855,Dug's Special Mission
22905,The Art of War III: Retribution
22910,Tell Them Anything You Want: A Portrait of Maurice Sendak
22921,Bionicle: The Legend Reborn
22923,Messages Deleted
22987,8
22997,Blind Date
23005,Superpower
23022,Love Simple
23025,George & A.J.
23049,From Within
23051,Blood Night: The Legend of Mary Hatchet
23070,April Showers
23094,BloodRayne II: Deliverance
23179,Boy
23215,Beauty and the Beast
23230,Breaking Point
23251,Ghost Adventures
23300,A Golden Christmas
23323,Henry Kissinger: Secrets of a Superpower
23332,Pulling John
23343,I Think We're Alone Now
23345,Into the Blue 2: The Reef
23346,Into the Storm
23429,The Anna Nicole Smith Story
23444,Babysitters Beware
23474,Midnight Chronicles
23538,Helen
23560,Bambou
23563,Saving Grace B. Jones
23586,Brooklyn Dodgers: The Ghosts of Flatbush
23610,8 päivää ensi-iltaan
23611,A Mother's Courage
23629,Belly 2: Millionaire Boyz Club
23633,Mama's Boy
23637,Joe's Palace
23651,Stuart: A Life Backwards
23699,Watercolors
23707,Bulletproof Salesman
23720,Jonestown: Paradise Lost
23723,Margaret Thatcher: The Long Walk to Finchley
23728,Hellphone
23778,Villa Amalia
23811,Finding Bliss
23817,Call of the Wild
23836,Val Lewton: The Man in the Shadows
23910,Unborn in the USA: Inside the War on Abortion
23928,Aleksandr. Nevskaya bitva
23937,Six Days in June
23943,Jesse Stone: Thin Ice
24012,Waiting for Armageddon
24027,Passenger Side
24062,2081
24107,Beautiful Losers
24114,Aftermath: Population Zero
24124,Hori Smoku Sailor Jerry
24135,The Obama Deception
24159,Fall of the Republic: The Presidency of Barack H. Obama
24171,Brother's War
24245,Protektor
24307,The War Boys
24310,Ratko: The Dictator's Son
24313,Benigni
24322,Podwórka
24323,It's My Mother's Birthday Today
24340,The Lady and the Reaper
24349,RiP!: A Remix Manifesto
24369,S.I.S.
24484,Separation City
24486,Runaway
24533,The Crew
24538,The Marine 2
24543,Doctor Strange
24564,Gong fu guan lan
24591,Children of the Corn
24659,Storm Warning
24669,Tinker Bell and the Lost Treasure
24672,Царь
24684,Wuthering Heights
24690,Crazy
24706,Crush
24714,Dana Carvey: Squatting Monkeys Tell No Lies
24715,Dave Attell: Captain Miserable
24721,Rossiya 88
24722,Wino truskawkowe
24799,Death In Love
24802,Dark Fields
24818,Dead Hooker in a Trunk
24835,7eventy 5ive
24844,Deal
24847,Death Racers
24849,Death Warrior
24875,"Give 'em Hell, Malone"
24898,Darfur
24941,Imago mortis
24957,Cass
24958,Dorothy Mills
24965,Rent: Filmed Live on Broadway
24966,Columbus Day
24985,Double Tide
25001,The Flyboys
25002,The Last Word
25003,Dream Boy
25004,TBS
25011,Red Mist
25013,Real Time
25016,Farm House
25019,Parasomnia
25020,Fast Track: No Limits
25022,Stiletto
25025,Sick Girl
25103,Pumzi
25105,Christmas Cottage
25109,The 39 Steps
25131,Dr. Dolittle: Million Dollar Mutts
25132,Dr. Dolittle: Tail to the Chief
25134,Dr. Jekyll and Mr. Hyde
25138,Drive Thru
25148,Elvis and Anabelle
25195,Enlighten Up!
25223,Sippur Gadol
25321,Ninjas vs. Zombies
25340,The Universe of Keith Haring
25356,Bring It On: In It To Win It
25357,Independents
25429,Zombie Reanimation
25432,Dogging: A Love Story
25437,Bag Boy
25471,Brutal
25524,Loins of Punjab Presents
25544,Lunch Break
25549,Sorority Wars
25551,Fear Island
25570,Pigs
25577,Yonkers Joe
25588,Teenage Dirtbag
25705,Fishtales
25715,"Girl, Positive"
25768,Foreign Exchange
25778,From Time to Time
25785,Garfield Gets Real
25786,Garfield's Fun Fest
25787,George Lopez: America's Mexican
25789,"George Lopez: Tall, Dark & Chicano"
25793,Ghost Son
25804,Vincent: A Life in Color
25831,The Disappeared
25847,Queen Sized
25856,Nocturna
25868,Robin Williams: Weapons of Self Destruction
25872,Patton Oswalt: My Weakness Is Strong
25873,Patton Oswalt: Werewolves and Lollipops
25874,Kevin Nealon: Now Hear Me Out!
25882,Super Capers
25889,Johan Falk: GSI - Gruppen för särskilda insatser
25890,Johan Falk: Vapenbröder
25898,Jean-Luc Cinema Godard
25902,A Night at the Movies: The Suspenseful World of Thrillers
25920,"Grande, grosso e Verdone"
25941,La Carta Esférica
25942,Space Buddies
25978,Van Wilder: Freshman Year
25982,Highlander V: The Source
25984,Seed
26012,The Skeptic
26018,Lake Dead
26023,Major Movie Star
26025,Rest Stop: Don't Look Back
26045,The Tattooist
26047,Summer's Blood
26049,No Man's Land: The Rise of Reeker
26050,The Shortcut
26057,The Six Wives of Henry Lefay
26092,Bill Burr: Why Do I Do This?
26101,Picture This
26122,Killer Movie
26124,The Wizard of Gore
26131,Hotel Very Welcome
26178,Newcastle
26190,Seventh Moon
26247,Sergio
26253,Her Best Move
26256,Snow Buddies
26258,The Haunting Hour: Don't Think About It
26275,Perkins' 14
26324,The Diary of Anne Frank
26328,Fanny Hill
26347,Ricky Gervais: Out of England - The Stand-Up Special
26353,Wild Cherry
26360,Love n' Dancing
26361,Walking Tall: The Payback
26366,La Mission
26367,Stir of Echoes: The Homecoming
26399,Holy Water
26408,Peter and Vandy
26415,Killer Pad
26419,"Little Fish, Strange Pond"
26434,The Lost Tribe
26482,True Adolescents
26491,Older Than America
26495,The Man Who Came Back
26501,The Thirst
26502,Mostly Ghostly
26505,Necrosis
26517,Monster
26529,Sands Of Oblivion
26618,Mercy
26619,Happily N'Ever After 2
26627,When A Man Falls In The Forest
26645,Shredderman Rules
26654,Jim Jefferies: I Swear to God
26717,Hotel California
26740,Il bosco fuori
26802,Sybil
26811,Wanda Sykes: I'ma Be Me
26887,The Grind
26900,Lone Rider
26917,Lewis Black: Stark Raving Black
26982,Trapped in the Closet: Chapters 13-22
26985,The Land Before Time XIII: The Wisdom of Friends
26989,The Missing Lynx
26998,The Pit and the Pendulum
27001,Skeleton Key 2: 667 Neighbor of the Beast
27021,Simple Things
27035,The Job
27131,House of Usher
27140,The Lightkeepers
27230,The Hessen Affair
27238,Prairie Fever
27239,Unstable Fables: Tortoise vs. Hare
27281,Touching Home
27290,Unstable Fables: 3 Pigs & a Baby
27294,New World Order
27335,Phantom Punch
27339,Soul Power
27346,The Black Pimpernel
27378,The Legend of Bloody Mary
27384,Lost Signal
27385,Slap Shot 3: The Junior League
27398,Lucky Country
27436,Margaret
27441,I Know You Know
27442,Awaydays
27524,Signs
27560,The Horribly Slow Murderer with the Extremely Inefficient Weapon
27570,Stella: Live in Boston
27602,Opposite Day
27726,Anotherworld
27749,All In This Tea
27754,Carts of Darkness
27768,1000 Journals
27791,Radiopiratene
27853,The First Movie
27879,Les Arbitres
27916,Nine Miles Down
27934,Family Guy Presents: Blue Harvest
27953,Ruhr
27999,Back Soon
28005,"Back to the Garden, Flower Power Comes Full Circle"
28008,Scourge
28011,Hardwired
28016,Addicted to Plastic
28050,Kevin Hart: I'm a Grown Little Man
28051,Craig Ferguson: A Wee Bit o' Revolution
28068,Anita
28070,Beer for My Horses
28125,Monty Python - Almost the Truth (The Lawyer's Cut)
28127,Lunopolis
28247,Expecting a Miracle
28281,Reformat the Planet
28286,Plastic Bag
28327,Mike Birbiglia: What I Should Have Said Was Nothing
28340,I Love Sarah Jane
28347,The Invisible Frame
28366,Sense and Sensibility
28408,Αυστηρώς Κατάλληλο
28419,Bandaged
28442,Freeheld
28463,Sold Out: A Threevening with Kevin Smith
28487,Lightbulb
28489,The Legend of Bloody Jack
28507,"Tel père, telle fille"
28508,George Carlin: It's Bad for Ya!
28516,Slingshot Hip Hop
28531,Bomber
28540,The Forgotten Woman
28556,Mutantes
28586,Capturing Mary
28617,Carcasses
28620,Autohystoria
28721,The Strength of Water
28731,The Wrecking Crew
28742,Contract Killers
28746,Transmorphers
28749,The Linguists
28793,I taket lyser stjärnorna
28903,Mr. Troop Mom
28950,Stargate SG-1: Children of the Gods - Final Cut
28956,20 Years After
28962,Mount St. Elias
28965,Cinderella III: A Twist in Time
28966,Playground
28980,A House of Secrets: Exploring 'Dragonwyck'
28990,Tom and Jerry: A Nutcracker Tale
29005,Oscar et la dame Rose
29008,WWII IN HD
29067,Shadowheart
29109,Profit Motive and the Whispering Wind
29314,Weather Girl
29339,Mine
29393,The Prince & Me: A Royal Honeymoon
29406,The Last Templar
29411,Book of Blood
29416,From Inside
29460,The Dog Who Saved Christmas
29499,The Butterfly Tattoo
29527,Awa buriifu etanitei
29531,The Velveteen Rabbit
29539,Devil's Bible
29542,All I Want for Christmas
29551,Life Support
29630,Garrison Keillor: The Man on the Radio in the Red Shoes
29638,Dear Lemon Lima
29683,Barbie and the Diamond Castle
29685,Barbie as the Island Princess
29687,Barbie and the Three Musketeers
29689,Barbie in 'A Christmas Carol'
29692,Barbie Presents: Thumbelina
29698,Barbie Mariposa and Her Butterfly Fairy Friends
29713,The Comedians of Comedy: Live at The Troubadour
29727,Call + Response
29745,Tar Creek
29746,The Water Front
29766,The Workshop
29794,Dirty Business
29883,Gulaal
29911,Eyeborgs
29932,The Mad
29934,The Mars Underground
29937,Midgets Vs. Mascots
30000,What Love Is
30011,Puffball
30038,Blackbird
30057,I Am Omega
30073,Nobody's Perfect
30120,Sarkar Raj
30137,Tinker Bell
30148,The Ministers
30234,Magnus
30300,Comedy Central Roast of Flavor Flav
30336,Amusement
30343,Throw Down Your Heart
30344,The Garden
30348,Dirt! The Movie
30351,The Listening Project
30352,New Muslim Cool
30369,The Topp Twins: Untouchable Girls
30371,Strigoi
30388,Edie & Thea: A Very Long Engagement
30416,Lioness
30433,Skills Like This
30451,Johnny Kapahala - Back on Board
30454,"Merry Christmas, Drake and Josh"
30489,Intangible Asset Number 82
30496,Impact
30514,Mariage chez les Bodin's
30521,Love Lies Bleeding
30545,Noodle
30572,The Echo
30591,Las viudas de los jueves
30592,Come Dance at My Wedding
30595,Tipping Point
30620,Archie's Final Project
30635,The Shadow in the North
30724,Stripper Academy
30727,Hallettsville
30733,Bachelor Party 2: The Last Temptation
30736,Pulse 2: Afterlife
30737,Lower Learning
30738,Return to Sleepaway Camp
30740,Ace Ventura Jr: Pet Detective
30741,Next Avengers: Heroes of Tomorrow
30743,Boogeyman 3
30744,A Simple Promise
30745,Ryan and Sean's Not So Excellent Adventure
30748,The Craving
30749,American High School
30750,Jusqu'à toi
30754,The Cook
30765,The Hottie & The Nottie
30766,Senior Skip Day
30791,Hooking Up
30797,The Terminators
30805,Boogeyman 2
30834,Red Victoria
30836,Street Fighter: Round One - FIGHT!
30843,"Chill Out, Scooby-Doo!"
30848,Scooby-Doo! and the Samurai Sword
30853,Scooby-Doo! and the Goblin King
30883,Gabriel Iglesias: Hot and Fluffy
30891,Jeff Dunham: Spark of Insanity
30894,John Oliver: Terrifying Times
30903,Prep & Landing
30904,Robot Chicken: Star Wars
30920,Jeff Dunham: Jeff Dunham's Very Special Christmas Special
31030,Sherman's Way
31086,Dreams with Sharp Teeth
31129,Ed Gein: The Butcher of Plainfield
31138,The Sitter
31147,A Sister's Secret
31160,The Perfect Assistant
31161,Perfect Child
31165,The Tenth Circle
31168,Accused at 17
31178,Trigger Man
31182,My Zinc Bed
31187,Lucky Miles
31210,Milh Hadha al-Bahr
31212,Ocean of Pearls
31227,Sierra Leone's Refugee All Stars
31235,Blue Seduction
31238,Lyubov V Bolshom Gorode
31274,EM
31275,Leaving Barstow
31314,"Helsinki, ikuisesti"
31374,Helen
31380,Strange Girls
31389,El camino
31417,Barking Water
31433,The Two Mr. Kissels
31435,Victoria Day
31443,Raja 1918
31446,The Ritual
31449,Last Day of Summer
31457,Pinprick
31464,Enigma
31466,Fetish
31468,Carver
31493,The Town That Was
31512,Come Dio comanda
31522,Italians
31528,Lezioni di cioccolato
31581,Roanoke: The Lost Colony
31594,Si può fare
31607,Death of a Ghost Hunter
31621,I Can See You
31645,Taken in Broad Daylight
31650,Smash Cut
31652,Khuda Kay Liye
31667,Uptown
31691,National Lampoon Presents: Endless Bummer
31698,Flugten
31713,Duska
31726,The Kreutzer Sonata
31730,Drifter: Henry Lee Lucas
31732,"One, Two, Many"
31766,Small Potatoes: Who Killed the USFL?
31767,The Legend of Jimmy the Greek
31768,The U
31788,Afro Samurai
31792,பருத்திவீரன்
31856,The Violent Kind
31857,Autumn
31888,Mutants
31909,The Attic
31960,Crimes of the Past
32002,The Last Lullaby
32122,St. Nick
32204,Kung Fu Killer
32218,Gabriel Iglesias: I'm Not Fat... I'm Fluffy
32223,Doctor Who: The Waters of Mars
32243,Hellboy Animated: Iron Shoes
32283,"Family Guy Presents: Something, Something, Something, Dark Side"
32298,Hellboy Animated: Blood and Iron
32338,Get Smart's Bruce and Lloyd Out of Control
32352,Spirit of the Marathon
32368,Curious George 2: Follow That Monkey!
32376,Twelve in a Box
32391,3-Day Weekend
32392,The Big Gay Musical
32394,Boy Crazy
32418,Marco Polo
32420,Merlin and the War of the Dragons
32422,Just Peck
32466,Taras Bulba
32468,Google Me
32492,Three Miles North of Molkom
32509,신기전
32520,The Courageous Heart of Irena Sendler
32560,Animals
32605,Sugarhouse
32610,Humanity's End
32643,Vanishing of the Bees
32649,"Andrew Jenks, Room 335"
32652,From a Place of Darkness
32657,Memory Vague
32682,Dadnapped
32693,The Princess of Nebraska
32715,Wild Combination: A Portrait of Arthur Russell
32753,Shoot First and Pray You Live (Because Luck Has Nothing to Do with It)
32790,Running the Sahara
32794,Wasting Away
32840,To Save A Life
32851,Snowglobe
32853,Doomed
32854,Mrs. Miracle
32856,Santa Baby 2
32880,The Key to Reserva (La clave Reserva)
32881,Picasso and Braque Go to the Movies
32936,Snow 2: Brain Freeze
32940,Cornered!
32944,Twitches Too
32945,The House of Usher
33021,On Broadway
33088,Evil Things
33090,The Immortal Voyage of Captain Drake
33093,A Million
33109,Acolytes
33158,Hush Little Baby
33256,Solitary
33263,Jump In!
33265,Minutemen
33268,Too Young to Marry
33298,Necessary Evil
33317,Jack and the Beanstalk
33364,Bikini Girls on Ice
33393,Directed by Sidney Lumet: How the Devil Was Made
33405,Suffering Man's Charity
33432,Sleeping on Dark Waters
33450,Carny
33493,The Secret Lives of Second Wives
33495,The Take
33536,Miss Conception
33539,Cayman Went
33562,Don't Look Up
33570,Little Dorrit
33576,The Boy Next Door
33608,Ready? OK!
33621,The Party Never Stops: Diary of a Binge Drinker
33633,The Narrows
33639,Bicycle Dreams
33657,Mal día para pescar
33694,MW
33695,Pou hark wong
33705,Under the Mountain
33712,Duo shuai
33721,Jim Jefferies: Contraband
33724,When Night Falls
33733,The Daisy Chain
33738,Solstice
33739,Table for Three
33777,Long nga
33803,Familiar Strangers
33808,Gong fu chu shen
33821,눈에는 눈 이에는 이
33872,Now & Later
33875,The Shift
33888,Milton Glaser: To Inform & Delight
33905,House of Boys
33937,Sex Pot
33940,Official Rejection
33962,Imagination
34007,From Mexico With Love
34012,Pedro
34028,Sharpshooter
34029,Half Past Dead 2
34051,The Forgotten Ones
34055,Bigfoot
34072,The Diplomat
34081,Balibo
34126,Long Weekend
34130,Lake Placid 2
34181,Treevenge
34190,Zombi: La creazione
34250,OceanWorld 3D
34285,Be Dune Saade Char
34286,Gaiir
34288,Zabardast
34388,Strella
34484,Tobruk
34486,Gardener of Eden
34511,The Scouting Book for Boys
34524,Lejdis
34569,More of Me
34628,A Colbert Christmas: The Greatest Gift of All!
34661,Bigfoot's Reflection
34757,Gutterballs
34761,Anacondas: Trail of Blood
34776,Doctor Who: Planet of the Dead
34777,Doctor Who: The Next Doctor
34778,Doctor Who: Voyage of the Damned
34779,Doctor Who: The Runaway Bride
34783,Last of the Living
34896,Recep İvedik 2
34899,Tangerine
34908,Family Guy Presents: Seth and Alex's almost live comedy show
34910,Bedfellows
34950,Varg
34957,Σούλα έλα ξανά
34959,3x3
34979,Gå med fred Jamil - Ma salama Jamil
35023,The Caller
35069,Rageh Inside Iran
35087,Another Gay Sequel: Gays Gone Wild!
35115,John Lennon - Plastic Ono Band
35117,The American Mall
35119,Two Tigers
35156,Psalm 21
35174,Spy School
35175,Wizards of Waverly Place: The Movie
35177,Second Skin
35179,The Pit
35197,Chemerical
35234,Mississippi Damned
35342,The Return of the War Room
35346,Assume the Position with Mr. Wuhl
35401,Tokyo Girl
35408,Very Young Girls
35427,Christmas Town
35479,Love for Sale
35513,Namastey London
35526,Os Famosos e os Duendes da Morte
35536,Thou Shalt Laugh 3
35538,Thou Shalt Laugh 2 - The Deuce
35567,오감도
35568,Fure fure shôjo
35614,Dossier K.
35637,My Queen Karo
35643,Man zkt vrouw
35655,Lost Persons Area
35658,Los
35669,La Rabbia Di Pasolini
35687,아기와 나
35724,Paa
35725,The Cheetah Girls: One World
35772,Unrelated
35781,Hannah Montana & Miley Cyrus: Best of Both Worlds Concert
35783,Morning Light
35858,Dark Country
35879,Beats of Freedom
35880,Jasne Błękitne Okna
35883,Drzazgi
35895,General Nil
35907,Solos
35997,Plastic Planet
36034,Carpet Racers
36062,Liquidation
36096,iMurders
36179,Samyy Luchshiy Film 2
36215,The Nanny Express
36231,Being in the World
36281,The Dhamma Brothers
36342,Trevor Noah: The Daywalker
36346,25 kilates
36354,Shark Swarm
36383,Ogre
36394,Vipers
36397,Silent Venom
36413,Lockjaw: Rise of the Kulev Serpent
36414,War Wolves
36415,Werewolf: The Devil's Hound
36430,Traffic Signal
36455,Scrambled Beer
36465,H.O.T. Human Organ Traffic
36472,The Conspiracy to Rule the World: From 911 to the Illuminati
36508,Transmorphers Fall of Man
36511,AVH: Alien vs. Hunter
36521,Duburys
36594,The Eternity Man
36595,Oil City Confidential
36658,Bloody Mondays & Strawberry Pies
36669,Himlens hjärta
36679,Pop Skull
36680,Predstavleniye
36685,RR
36699,You Wont Miss Me
36724,Elle s'appelle Sabine
36757,Molly's Way
36759,De muze
36776,Small Gods
36796,32A
36806,Atlantis
36826,Ellen ten Damme: As I Was Wondering Where This Mixed-up Little Life of Mine Was Leading To
36833,Flower in the Pocket
36834,Foreldrar
36837,Gewoon Hans
36888,Khamsa
36905,Nunnan
36969,No Smoking
36970,Dil Dosti Etc
36972,The Train: Some Lines Shoulder Never Be Crossed...
36979,Jaane Tu... Ya Jaane Na
36986,Maharathi
36988,Jannat
36995,Phoonk
36996,EMI: Liya Hai To Chukana Padega
36997,Karzzzz
37001,We Were Once a Fairytale
37008,Beperkt houdbaar
37026,Flipping Out - Israel's Drug Generation
37031,Je suis heureux que ma mère soit vivante
37064,8x10 Tasveer
37065,Kike Like Me
37072,La maison
37112,Bloodlock
37163,The Great Global Warming Swindle
37165,Hammer & Tickle
37166,Hata Göteborg
37176,100 Million BC
37178,Chemical Wedding
37186,Alter Ego
37230,Skin
37231,The Snowman
37299,Dreamland
37311,Sommerhuset
37338,Max & Co
37342,O'er the Land
37395,The Sun and the Moon
37554,Let Him Be
37713,Apricot
37740,Brasilintime: Batucada com Discos
37749,This Is The Life
37750,What Darwin Didn't Know
37751,The People Speak
37785,FLicKeR
37787,Varde
37809,Redland
37867,Flower Girl
37872,Titãs - A Vida Até Parece uma Festa
37874,Taking Chances
37905,Amal
37982,Dangerous Days: Making Blade Runner
37985,Jimmy Carr: Comedian
37986,Jimmy Carr: In Concert
37987,Jimmy Carr: Telling Jokes
38007,The Christmas Hope
38031,All The Days Before Tomorrow
38105,Pretty Ugly People
38117,Mock Up on Mu
38155,Café solo o con ellas
38161,Atlantic Records: The House That Ahmet Built
38162,Kolpaçino
38177,My Super Psycho Sweet 16
38202,The Cutting Edge 3: Chasing the Dream
38205,Reverb
38228,The Neighbor
38241,Russell Howard Live: Dingledodies
38243,Russell Howard: Live
38282,"Palo Alto, CA"
38297,Micro Men
38301,What We Do Is Secret
38334,カイト リベレイタ
38366,Anita O'Day: The Life of a Jazz Singer
38375,Eloquent Nude: The Love and Legacy of Edward Weston & Charis Wilson
38392,The Gits
38393,Glass: A Portrait of Philip in Twelve Parts
38395,The Holy Modal Rounders: Bound to Lose
38399,Largo
38403,Low: You May Need a Murderer
38416,"The Old, Weird America: Harry Smith's Anthology of American Folk Music"
38425,Prater
38445,Staub
38464,Rebirth Of A Nation
38484,A Walk Into the Sea: Danny Williams and the Warhol Factory
38537,Chris Rock: Kill the Messenger
38539,Daniel Tosh: Completely Serious
38544,Soundtrack for a Revolution
38546,The Third Jihad
38548,꽃미남 연쇄 테러사건
38564,True Confessions of a Hollywood Starlet
38663,Dustbin Baby
38665,13 Hours in a Warehouse
38667,80 Minutes
38675,Courage
38699,Fresh
38703,The Beautiful Truth
38705,Simply Raw
38711,Orgasm Inc.
38747,Louis Theroux: A Place for Paedophiles
38748,Louis Theroux: Law and Disorder in Philadelphia
38749,Louis Theroux's African Hunting Holiday
38750,Louis Theroux: Behind Bars
38751,Louis Theroux: Under The Knife
38752,Louis Theroux: Gambling in Las Vegas
38792,Cinema's Exiles: From Hitler to Hollywood
38868,I-Be Area
38870,Visions of Frank
38875,Dennis
38876,Sikumi (On The Ice)
38894,Supergator
38901,War and Peace
38942,Engelen
38965,Film Noir
38971,Jonas Brothers: The Concert Experience
38989,Evening's Civil Twilight in Empires of Tin
39015,Gooby
39027,Knock Knock
39036,Dead Man's Hand
39039,The Good Witch
39040,Grizzly Rage
39086,Life
39099,Пленный
39133,Oy Vey! My Son Is Gay!
39154,The Caretaker
39199,The Hive
39209,Double Identity
39254,Rise of the Gargoyles
39295,Oye Lucky! Lucky Oye!
39314,Curious George: A Very Monkey Christmas
39391,Pond Hockey
39431,The Wildman of Kentucky: The Mystery of Panther Rock
39506,One Day Like Rain
39525,Prince of Broadway
39672,U Be Dead
39687,Protagonist
39701,Guys and Dolls
39749,VeggieTales: The Wonderful Wizard of Ha's
39750,VeggieTales: Tomato Sawyer & Huckleberry Larry's Big River Rescue
39755,Dim Sum Funeral
39787,Prince Among Slaves
39826,Johan Falk: Leo Gaut
39886,The Break-up Artist
39891,Exit Speed
39892,Polar Storm
39894,Road of No Return
39898,Neighbor
39900,Amateur Porn Star Killer 3: The Final Chapter
39901,Amateur Porn Star Killer 2
39902,The Band
39905,Mina olin siin
39906,Charlie & Boots
39907,The Seamstress
39908,The Boxer
39909,Stone & Ed
39939,The Valley of Light
39946,Love's Unending Legacy
39947,Love's Unfolding Dream
39948,Love Takes Wing
39949,Love Finds A Home
39992,Cop Dog
40101,Say Goodnight
40102,Yeti: Curse of the Snow Demon
40128,Casanegra
40150,2061 - Un anno eccezionale
40204,Uncle P
40220,Hattrick
40263,Chevolution
40342,God Tussi Great Ho
40372,Comedy Central Roast of Larry the Cable Guy
40375,Comedy Central Roast of Joan Rivers
40434,The Star of Bethlehem
40453,Final Flesh
40457,How to Hook Up Your Home Theater
40529,Swamp Devil
40531,More Things That Happened
40564,A Erva do Rato
40582,Paranormal Entity
40588,Small Island
40593,Karamazovi
40623,Wolvesbayne
40656,Mary Pickford: The Muse of the Movies
40701,Joan Baez: How Sweet the Sound
40713,Neal Cassady
40786,Justice: A Cross The Universe
40803,Mansfield Park
40851,Moondance Alexander
40853,The Wild Stallion
40858,An American Girl: Chrissa Stands Strong
40860,Minor Details
40865,Au Pair 3: Adventure in Paradise
40869,De hel van '63
40903,Adopt a Sailor
40923,Mr. Right
40934,Charles Darwin and the Tree of Life
40944,The Hide
40960,Faintheart
40967,Casi Divas
41000,Run Bitch Run
41006,Elf Bowling the Movie
41037,Mending Fences
41077,My Bestfriend's Girlfriend
41107,Moonlight & Mistletoe
41193,Rebel Beat: The story of LA Rockabilly
41264,Salute
41328,Fab Five: The Texas Cheerleader Scandal
41448,Boogie
41480,Alles stroomt
41484,Nature's Great Events
41526,Absurda
41532,Enemies of the People
41537,"Moi, Van Gogh"
41565,Vox Populi
41626,Fish out of Water
41627,High The True Tale of American Marijuana
41635,Lisa Lampanelli: Dirty Girl
41636,Lisa Lampanelli: Long Live The Queen
41637,Kathy Griffin: She'll Cut a Bitch
41657,Under the Sea 3D
41713,미쓰 홍당무
41730,Alma
41765,White Wedding
41779,Tru Loved
41796,La Santa Muerte
41895,Western Spaghetti
41924,Shank
41942,The Capture of the Green River Killer
41947,Poison Ivy: The Secret Society
41960,Good Fortune
41989,Trailer Park Boys: Say Goodnight to the Bad Guys
42048,Demetri Martin. Person.
42076,Christmas Angel
42083,The Good Witch's Garden
42142,Jim Gaffigan: King Baby
42178,Every Second Counts
42233,Coco
42244,"Viajo Porque Preciso, Volto Porque Te Amo"
42280,Prime Mover
42292,11 Minutes Ago
42295,Finding Rin Tin Tin
42346,Mosaic
42349,On the Doll
42403,Safe Harbor
42419,Zappa Plays Zappa
42450,舞妓Haaaan!!!
42481,카페 느와르
42526,Yami no kodomo-tachi
42529,世界で一番美しい夜
42535,Pornography: A Thriller
42596,The Cradle
42657,Rūmumeito
42668,Paris by Night of the Living Dead
42674,The Hajirai Machine Girl
42678,Malibu Shark Attack
42681,Make-Out with Violence
42763,Greg Giraldo: Midlife Vices
42769,John Pinette: I'm Starvin'!
42790,NY77: The Coolest Year in Hell
42795,Zombies! Zombies! Zombies!
42875,"Nick Swardson: Seriously, Who Farted?"
42890,Tess of the D'Urbervilles
42915,Southern Fried Bigfoot
42945,Next Floor
43004,Species: The Awakening
43031,El Viaje de la Nonna
43034,Russkaya Igra
43084,The Lost World of Communism
43109,Eating Out: All You Can Eat
43113,Mulligans
43114,Rock Haven
43117,En Forelskelse
43121,The Amazing Truth About Queen Raquela
43169,Yoroi: Samurai zombie
43213,The Baker
43254,Granny O'Grimm's Sleeping Beauty
43297,Secrets of the Summer House
43310,The Recovered
43341,The Anatomy of Hate
43366,Flatland: The Film
43368,Boat
43432,Katt Williams: It's Pimpin Pimpin
43434,Doug Stanhope: No Refunds
43458,I Need That Record
43461,Megafault
43535,305
43538,Smokers
43540,The Kinematograph
43543,David Lean and His Dedicated Maniacs
43547,InAlienable
43590,National Lampoon Presents Electric Apricot: Quest for Festeroo
43592,Nochnye Syostry
43600,Asssscat
43608,Dana Gould: Let Me Put My Thoughts in You
43626,Wushu
43630,Rozygrysh
43706,They Killed Sister Dorothy
43715,Dark Streets
43749,World Cinema
43800,Walking Tall: Lone Justice
43801,Sea Wolf
43834,The Year of Getting to Know Us
43841,Under New Management
43844,The Yankles
43849,Subdivision
43855,Puck Hogs
43858,Popcorn
43860,Pretty Cool Too
43864,Short Track
43871,Love at First Hiccup
43872,Love Hurts
43877,Man Maid
43883,Nature of the Beast
43890,Growing Op
43894,Heavy Petting
43899,Fast Girl
43901,Shooting Star
43906,Knight Rider
43909,The Dukes of Hazzard: The Beginning
43915,Dolphins
43924,Before You Say 'I Do'
43971,Rock n' Roll Nerd
43983,Mia et le Migou
44001,Sea Monsters: A Prehistoric Adventure
44024,Nevalyashka
44040,The New Tenants
44090,Assassin's Creed: Lineage
44118,Nulevoy Kilometr
44133,National Geographic: Journey to the Edge of the Universe
44142,Michou d'Auber
44153,Evil Angel
44154,Star Runners
44179,The Day of the Triffids
44389,Radiant City
44438,Kremen
44472,Open Graves
44475,2012 Doomsday
44498,Индиго
44539,Garoojigi
44556,Grow Your Own
44593,A Religiosa Portuguesa
44619,I Know a Woman Like That
44623,South Of Pico
44738,Don't Let Me Drown
44786,Na More!
44854,Монтана
44865,Yeast
44893,I Am So Proud of You
44894,Night Skies
44989,Bittersweet
44997,Act of God
45053,Doctor Who: Time Crash
45067,Jogwa - The Awakening
45098,Sebastian's Voodoo
45103,Struck
45107,Surviving Sid
45122,The Black Hole
45126,This Way Up
45131,Lightheaded
45133,Realnyy Papa
45196,Bill Maher: The Decider
45199,Futurama: The Lost Adventure
45295,Pora Umierać
45312,"Włatcy móch. Ćmoki, Czopki i Mondzioły"
45318,Sang Pemimpi
45319,We Don't Care About Music Anyway
45345,Monster Ark
45346,High Plains Invaders
45347,Headless Horseman
45372,Treasure Raiders
45411,Kacheli
45413,Кука
45440,To Be Fat Like Me
